Action;Condition;Time;Time_from_start_experiment;Online_Avatars_Progress;Selected_Avatar;Friends_Enable;Livre_Enable;Sport_Enable;Telephone_Enable;Exercise;Exercise_Completed;Answers;Action_Details
Reading_Instructions;Maths;0;;;;;;;;;;;
Start_experiment;Maths;0;0;;;;;;;;;;
Select_exercise;Maths;1;0;0;none;false;false;false;false;exercise_red;false;;
Exercise_answer;Maths;1;1;0;none;false;false;false;false;exercise_red;false;;
Select_exercise;Maths;1;1;0;none;false;false;false;false;exercise_green;false;;
Exercise_answer;Maths;2;1;0;none;false;false;false;false;exercise_green;false;;
Select_exercise;Maths;2;1;0;none;false;false;false;false;exercise_black;false;-------;
Exercise_answer;Maths;2;2;0;none;false;false;false;false;exercise_black;false;-------;
Select_exercise;Maths;2;2;0;none;false;false;false;false;exercise_blu;false;-----;
